ticker,cik,company,form,filing_date,report_date,accession,primary_doc,url,local_path,sha256,size_bytes,downloaded_at
AAPL,320193,Apple Inc.,10-K,2025-10-31,2025-09-27,0000320193-25-000079,aapl-20250927.htm,https://www.sec.gov/Archives/edgar/data/320193/000032019325000079/aapl-20250927.htm,data/raw/AAPL/10-K_2025-09-27_0000320193-25-000079.htm,37aefffd496784c51157131a910702ff2f8c0da29fccb4100a58db2d04a5332d,1520322,2026-09-25T11:20:29+00:00
AAPL,320193,Apple Inc.,10-K,2024-11-01,2024-09-28,0000320193-24-000123,aapl-20240928.htm,https://www.sec.gov/Archives/edgar/data/320193/000032019324000123/aapl-20240928.htm,data/raw/AAPL/10-K_2024-09-28_0000320193-24-000123.htm,fe2a540e63f9ed15e01f8ac2d208505c137492ac7e4a67abf677d3a382551b51,1503894,2026-09-25T11:20:29+00:00
AAPL,320193,Apple Inc.,10-K,2023-11-03,2023-09-30,0000320193-23-000106,aapl-20230930.htm,https://www.sec.gov/Archives/edgar/data/320193/000032019323000106/aapl-20230930.htm,data/raw/AAPL/10-K_2023-09-30_0000320193-23-000106.htm,d3216d8beb57417e07542786480fd366691fb356af0c13d4012cea536598f5d0,1559038,2026-09-25T11:20:30+00:00
AAPL,320193,Apple Inc.,10-Q,2025-01-31,2024-12-28,0000320193-25-000008,aapl-20241228.htm,https://www.sec.gov/Archives/edgar/data/320193/000032019325000008/aapl-20241228.htm,data/raw/AAPL/10-Q_2024-12-28_0000320193-25-000008.htm,826d13b6390db45f31e3ca2ec5bf52729b4d45d20ed67377af27a7cdf90cfffe,732703,2026-09-25T12:01:13+00:00
AAPL,320193,Apple Inc.,10-Q,2025-05-02,2025-03-29,0000320193-25-000057,aapl-20250329.htm,https://www.sec.gov/Archives/edgar/data/320193/000032019325000057/aapl-20250329.htm,data/raw/AAPL/10-Q_2025-03-29_0000320193-25-000057.htm,74cab0b00bcbb2adbd0d0985d549f00465e43a19aa8e3f39b98abda5f4603379,890091,2026-09-25T12:01:13+00:00
AAPL,320193,Apple Inc.,10-Q,2025-08-01,2025-06-28,0000320193-25-000073,aapl-20250628.htm,https://www.sec.gov/Archives/edgar/data/320193/000032019325000073/aapl-20250628.htm,data/raw/AAPL/10-Q_2025-06-28_0000320193-25-000073.htm,1578f00069b01ed056975ded6d06a3ec661060881a16319e3096281704e37eea,888162,2026-09-25T12:01:14+00:00
MSFT,789019,MICROSOFT CORP,10-K,2025-07-30,2025-06-30,0000950170-25-100235,msft-20250630.htm,https://www.sec.gov/Archives/edgar/data/789019/000095017025100235/msft-20250630.htm,data/raw/MSFT/10-K_2025-06-30_0000950170-25-100235.htm,d3b869ab9a270603f34fae8262dab071a6cdc06d1d2ba1cc2fe864740f0e3a10,8158181,2026-09-25T12:01:19+00:00
MSFT,789019,MICROSOFT CORP,10-K,2024-07-30,2024-06-30,0000950170-24-087843,msft-20240630.htm,https://www.sec.gov/Archives/edgar/data/789019/000095017024087843/msft-20240630.htm,data/raw/MSFT/10-K_2024-06-30_0000950170-24-087843.htm,92b801db1d51c1d25e6f6dfbfb30cb52a7080f5ea5e8859e5cb80b64cc37cfa1,6861025,2026-09-25T12:01:20+00:00
MSFT,789019,MICROSOFT CORP,10-K,2023-07-27,2023-06-30,0000950170-23-035122,msft-20230630.htm,https://www.sec.gov/Archives/edgar/data/789019/000095017023035122/msft-20230630.htm,data/raw/MSFT/10-K_2023-06-30_0000950170-23-035122.htm,3d2f185abaa08cf86c200f8cd2a8a4493a3fe70f6388eb1f17c37535d0e9c0a7,9963705,2026-09-25T12:01:21+00:00
INTC,50863,INTEL CORP,10-K,2026-01-23,2025-12-27,0000050863-26-000011,intc-20251227.htm,https://www.sec.gov/Archives/edgar/data/50863/000005086326000011/intc-20251227.htm,data/raw/INTC/10-K_2025-12-27_0000050863-26-000011.htm,7ce250724186887c47dcd6d692891ca9cb0451e3d8e78dd05553abb5f1ad5654,3320834,2026-09-25T12:01:21+00:00
INTC,50863,INTEL CORP,10-K,2025-01-31,2024-12-28,0000050863-25-000009,intc-20241228.htm,https://www.sec.gov/Archives/edgar/data/50863/000005086325000009/intc-20241228.htm,data/raw/INTC/10-K_2024-12-28_0000050863-25-000009.htm,4dbe52ed7cb51bb263d7d3e5a487fed85e79ed39979d1e0570a3b29c949014c2,3334333,2026-09-25T12:01:22+00:00
INTC,50863,INTEL CORP,10-K,2024-01-26,2023-12-30,0000050863-24-000010,intc-20231230.htm,https://www.sec.gov/Archives/edgar/data/50863/000005086324000010/intc-20231230.htm,data/raw/INTC/10-K_2023-12-30_0000050863-24-000010.htm,75c18bd717a5506dba56ec2b179c5b8b8ddde0cdc8dad53d78d16fd0d0827947,3276187,2026-09-25T12:01:22+00:00
WDAY,1327811,"Workday, Inc.",10-K,2025-03-11,2025-01-31,0001327811-25-000056,wday-20250131.htm,https://www.sec.gov/Archives/edgar/data/1327811/000132781125000056/wday-20250131.htm,data/raw/WDAY/10-K_2025-01-31_0001327811-25-000056.htm,210dfa19cf1784502942b2ee40313c810f445f6330cd885151e298376855250e,2214020,2026-09-25T12:01:23+00:00
WDAY,1327811,"Workday, Inc.",10-K,2024-03-08,2024-01-31,0001327811-24-000044,wday-20240131.htm,https://www.sec.gov/Archives/edgar/data/1327811/000132781124000044/wday-20240131.htm,data/raw/WDAY/10-K_2024-01-31_0001327811-24-000044.htm,b829dbc6ac5cf6f34e7d36eb51bafa041e04905b1606262a567246d9cd52fde6,2180963,2026-09-25T12:01:23+00:00
WDAY,1327811,"Workday, Inc.",10-K,2023-02-27,2023-01-31,0001327811-23-000024,wday-20230131.htm,https://www.sec.gov/Archives/edgar/data/1327811/000132781123000024/wday-20230131.htm,data/raw/WDAY/10-K_2023-01-31_0001327811-23-000024.htm,1655b050093d4b3b215224f65bfb31bcc1b7584d0b9362304627287aba749d96,2842289,2026-09-25T12:01:24+00:00
JPM,19617,JPMORGAN CHASE & CO,10-K,2026-02-13,2025-12-31,0001628280-26-008131,jpm-20251231.htm,https://www.sec.gov/Archives/edgar/data/19617/000162828026008131/jpm-20251231.htm,data/raw/JPM/10-K_2025-12-31_0001628280-26-008131.htm,d6f4562342fe142a1a9ce9ef79c2c75550784e6730f659112eee8fcad64c8d95,12927439,2026-09-25T12:01:41+00:00
JPM,19617,JPMORGAN CHASE & CO,10-K,2025-02-14,2024-12-31,0000019617-25-000270,jpm-20241231.htm,https://www.sec.gov/Archives/edgar/data/19617/000001961725000270/jpm-20241231.htm,data/raw/JPM/10-K_2024-12-31_0000019617-25-000270.htm,36bfc16707b6cd159ddc3d29eca2ee8edb2492e1195d44499d859f76f2952955,12849294,2026-09-25T12:01:41+00:00
JPM,19617,JPMORGAN CHASE & CO,10-K,2024-02-16,2023-12-31,0000019617-24-000225,jpm-20231231.htm,https://www.sec.gov/Archives/edgar/data/19617/000001961724000225/jpm-20231231.htm,data/raw/JPM/10-K_2023-12-31_0000019617-24-000225.htm,9570a9202e07dc5cc0c2d1ec781dea90eec70381837e1c33cac279fe6503eb09,13211772,2026-09-25T12:01:42+00:00
JPM,19617,JPMORGAN CHASE & CO,10-Q,2025-05-01,2025-03-31,0000019617-25-000421,jpm-20250331.htm,https://www.sec.gov/Archives/edgar/data/19617/000001961725000421/jpm-20250331.htm,data/raw/JPM/10-Q_2025-03-31_0000019617-25-000421.htm,01aa5cb615c18eebf9f9977d70da299d51b4a41f58db9d5c5392b201e6758acf,9229694,2026-09-25T12:01:43+00:00
JPM,19617,JPMORGAN CHASE & CO,10-Q,2025-08-05,2025-06-30,0000019617-25-000615,jpm-20250630.htm,https://www.sec.gov/Archives/edgar/data/19617/000001961725000615/jpm-20250630.htm,data/raw/JPM/10-Q_2025-06-30_0000019617-25-000615.htm,5d790d83ac513e08edab7ad3bff75e4eba8cf45c113edd566bcd83d8fa57c925,11426849,2026-09-25T12:01:44+00:00
JPM,19617,JPMORGAN CHASE & CO,10-Q,2025-11-04,2025-09-30,0001628280-25-048859,jpm-20250930.htm,https://www.sec.gov/Archives/edgar/data/19617/000162828025048859/jpm-20250930.htm,data/raw/JPM/10-Q_2025-09-30_0001628280-25-048859.htm,deeee15d79611d1d4d58addf4b9a4ed939bad6fb0ae98639fee763216f1b1f89,11495379,2026-09-25T12:01:44+00:00
BAC,70858,BANK OF AMERICA CORP /DE/,10-K,2026-02-25,2025-12-31,0000070858-26-000157,bac-20251231.htm,https://www.sec.gov/Archives/edgar/data/70858/000007085826000157/bac-20251231.htm,data/raw/BAC/10-K_2025-12-31_0000070858-26-000157.htm,f52e72edac8da0833f5f345190cc774341f4b58c95b1d798b505ae33dfb811f7,12819174,2026-09-25T12:01:54+00:00
BAC,70858,BANK OF AMERICA CORP /DE/,10-K,2025-02-25,2024-12-31,0000070858-25-000139,bac-20241231.htm,https://www.sec.gov/Archives/edgar/data/70858/000007085825000139/bac-20241231.htm,data/raw/BAC/10-K_2024-12-31_0000070858-25-000139.htm,79f098e2d1f938e4772cad8be657c50898ecc7fc390f6e849d987ffb2f207cde,12899636,2026-09-25T12:01:54+00:00
BAC,70858,BANK OF AMERICA CORP /DE/,10-K,2024-02-20,2023-12-31,0000070858-24-000122,bac-20231231.htm,https://www.sec.gov/Archives/edgar/data/70858/000007085824000122/bac-20231231.htm,data/raw/BAC/10-K_2023-12-31_0000070858-24-000122.htm,3bafd84c4b4b72c778e6689df9ab9cf4ea7cf1cf7a3879cfbd4dfd172d2d4dc5,12861773,2026-09-25T12:01:56+00:00
GS,886982,GOLDMAN SACHS GROUP INC,10-K,2026-02-25,2025-12-31,0000886982-26-000091,gs-20251231.htm,https://www.sec.gov/Archives/edgar/data/886982/000088698226000091/gs-20251231.htm,data/raw/GS/10-K_2025-12-31_0000886982-26-000091.htm,407c9d3142685366d3c8e277df009509c834c6245f0ee1cb765a5acb965082d3,9611279,2026-09-25T12:02:14+00:00
GS,886982,GOLDMAN SACHS GROUP INC,10-K,2025-02-27,2024-12-31,0000886982-25-000005,gs-20241231.htm,https://www.sec.gov/Archives/edgar/data/886982/000088698225000005/gs-20241231.htm,data/raw/GS/10-K_2024-12-31_0000886982-25-000005.htm,ba2396e9ee78ae4e01a16f070932ed91ec9b427777812c220cbe7c63508bd555,10084221,2026-09-25T12:02:15+00:00
GS,886982,GOLDMAN SACHS GROUP INC,10-K,2024-02-23,2023-12-31,0000886982-24-000006,gs-20231231.htm,https://www.sec.gov/Archives/edgar/data/886982/000088698224000006/gs-20231231.htm,data/raw/GS/10-K_2023-12-31_0000886982-24-000006.htm,94e7d87548cc617e057d51bcdbb2878e4d1109b87549f27f039b86f0471d9c22,10095603,2026-09-25T12:02:16+00:00
CFG,759944,CITIZENS FINANCIAL GROUP INC/RI,10-K,2026-02-12,2025-12-31,0000759944-26-000028,cfg-20251231.htm,https://www.sec.gov/Archives/edgar/data/759944/000075994426000028/cfg-20251231.htm,data/raw/CFG/10-K_2025-12-31_0000759944-26-000028.htm,571cb18b845528f2d3d9fe734988a72037dd4d93d26f675d8d2ea93fe21973f8,6381451,2026-09-25T12:02:20+00:00
CFG,759944,CITIZENS FINANCIAL GROUP INC/RI,10-K,2025-02-13,2024-12-31,0000759944-25-000013,cfg-20241231.htm,https://www.sec.gov/Archives/edgar/data/759944/000075994425000013/cfg-20241231.htm,data/raw/CFG/10-K_2024-12-31_0000759944-25-000013.htm,6341c12699ef15e1d85bb2ac1c27f61af07cd3b873c27398adee8d2f1fee68b0,6407436,2026-09-25T12:02:20+00:00
CFG,759944,CITIZENS FINANCIAL GROUP INC/RI,10-K,2024-02-16,2023-12-31,0000759944-24-000039,cfg-20231231.htm,https://www.sec.gov/Archives/edgar/data/759944/000075994424000039/cfg-20231231.htm,data/raw/CFG/10-K_2023-12-31_0000759944-24-000039.htm,b0f2ede3002f203874d9fac8a40c8c6a6e422af34a679412646910e43cb6e3e9,6410297,2026-09-25T12:02:21+00:00
WMT,104169,Walmart Inc.,10-K,2025-03-14,2025-01-31,0000104169-25-000021,wmt-20250131.htm,https://www.sec.gov/Archives/edgar/data/104169/000010416925000021/wmt-20250131.htm,data/raw/WMT/10-K_2025-01-31_0000104169-25-000021.htm,d18ca5ca1389dc95be85fa0202d750363878837cfe53bc61141069f520f86083,2335192,2026-09-25T12:02:23+00:00
WMT,104169,Walmart Inc.,10-K,2024-03-15,2024-01-31,0000104169-24-000056,wmt-20240131.htm,https://www.sec.gov/Archives/edgar/data/104169/000010416924000056/wmt-20240131.htm,data/raw/WMT/10-K_2024-01-31_0000104169-24-000056.htm,8140e23a6ce6fe1bfae573ef57aac257fffdb87c02268ca8af2790b2bccd0cd9,2323991,2026-09-25T12:02:24+00:00
WMT,104169,Walmart Inc.,10-K,2023-03-17,2023-01-31,0000104169-23-000020,wmt-20230131.htm,https://www.sec.gov/Archives/edgar/data/104169/000010416923000020/wmt-20230131.htm,data/raw/WMT/10-K_2023-01-31_0000104169-23-000020.htm,ab0aa233abeceded2de7ccb224210587c82000dc66923e4b38ee423c939afc7b,2594742,2026-09-25T12:02:25+00:00
WMT,104169,Walmart Inc.,10-Q,2024-06-07,2024-04-30,0000104169-24-000105,wmt-20240430.htm,https://www.sec.gov/Archives/edgar/data/104169/000010416924000105/wmt-20240430.htm,data/raw/WMT/10-Q_2024-04-30_0000104169-24-000105.htm,680bde06e6fb368bee37d9c161ae70656303575267f8701f1eefd6281056297f,1080471,2026-09-25T12:02:26+00:00
WMT,104169,Walmart Inc.,10-Q,2024-08-30,2024-07-31,0000104169-24-000141,wmt-20240731.htm,https://www.sec.gov/Archives/edgar/data/104169/000010416924000141/wmt-20240731.htm,data/raw/WMT/10-Q_2024-07-31_0000104169-24-000141.htm,880b60d85388f67a6b8f4125d99d4443ee73bd24066d6ab89d6a38f4e5efc820,1355407,2026-09-25T12:02:28+00:00
WMT,104169,Walmart Inc.,10-Q,2024-12-06,2024-10-31,0000104169-24-000178,wmt-20241031.htm,https://www.sec.gov/Archives/edgar/data/104169/000010416924000178/wmt-20241031.htm,data/raw/WMT/10-Q_2024-10-31_0000104169-24-000178.htm,36a884683cc40bf8ba3ef89381421de3ddee901dbfd66a549abe8d236e65ec08,1451034,2026-09-25T12:02:29+00:00
COST,909832,COSTCO WHOLESALE CORP /NEW,10-K,2025-10-08,2025-08-31,0000909832-25-000101,cost-20250831.htm,https://www.sec.gov/Archives/edgar/data/909832/000090983225000101/cost-20250831.htm,data/raw/COST/10-K_2025-08-31_0000909832-25-000101.htm,327dfc4a23c3634c83058ef304823bf3b3c729444094b96bc08f9ac6687b5670,1439076,2026-09-25T12:02:30+00:00
COST,909832,COSTCO WHOLESALE CORP /NEW,10-K,2024-10-09,2024-09-01,0000909832-24-000049,cost-20240901.htm,https://www.sec.gov/Archives/edgar/data/909832/000090983224000049/cost-20240901.htm,data/raw/COST/10-K_2024-09-01_0000909832-24-000049.htm,0611824f376163bcf5d7f5c196452499d8f0fb81227491f8f13d0da17b0fcd34,1498004,2026-09-25T12:02:31+00:00
COST,909832,COSTCO WHOLESALE CORP /NEW,10-K,2023-10-11,2023-09-03,0000909832-23-000042,cost-20230903.htm,https://www.sec.gov/Archives/edgar/data/909832/000090983223000042/cost-20230903.htm,data/raw/COST/10-K_2023-09-03_0000909832-23-000042.htm,d65df58c6a99e542b2f8f0ff490b428f5403a06e8be4ab99767b767c75aede12,1502726,2026-09-25T12:02:31+00:00
DG,29534,DOLLAR GENERAL CORP,10-K,2025-03-21,2025-01-31,0001558370-25-003413,dg-20250131x10k.htm,https://www.sec.gov/Archives/edgar/data/29534/000155837025003413/dg-20250131x10k.htm,data/raw/DG/10-K_2025-01-31_0001558370-25-003413.htm,4be18b234fdf86fa1ded59d2f59032d5565aea4a092a9fc27f31161beb5d94e9,2642188,2026-09-25T12:02:32+00:00
DG,29534,DOLLAR GENERAL CORP,10-K,2024-03-25,2024-02-02,0001558370-24-003813,dg-20240202x10k.htm,https://www.sec.gov/Archives/edgar/data/29534/000155837024003813/dg-20240202x10k.htm,data/raw/DG/10-K_2024-02-02_0001558370-24-003813.htm,7d4881bec03dabe2919a8d93f146d2ae8d722458197282caf8240e7c32479542,2463839,2026-09-25T12:02:33+00:00
DG,29534,DOLLAR GENERAL CORP,10-K,2023-03-24,2023-02-03,0001558370-23-004574,dg-20230203x10k.htm,https://www.sec.gov/Archives/edgar/data/29534/000155837023004574/dg-20230203x10k.htm,data/raw/DG/10-K_2023-02-03_0001558370-23-004574.htm,24c3f0595af21ab209b2ad3e138cc45230459124f45d930fa3700f948fcdec53,2410970,2026-09-25T12:02:34+00:00
DG,29534,DOLLAR GENERAL CORP,10-Q,2024-05-30,2024-05-03,0001558370-24-008742,dg-20240503x10q.htm,https://www.sec.gov/Archives/edgar/data/29534/000155837024008742/dg-20240503x10q.htm,data/raw/DG/10-Q_2024-05-03_0001558370-24-008742.htm,3d333e1335f87b5c20822b562e4ad569b8d899be8d419f74f1423e680bbd1962,1014847,2026-09-25T12:02:36+00:00
DG,29534,DOLLAR GENERAL CORP,10-Q,2024-08-29,2024-08-02,0001558370-24-012525,dg-20240802x10q.htm,https://www.sec.gov/Archives/edgar/data/29534/000155837024012525/dg-20240802x10q.htm,data/raw/DG/10-Q_2024-08-02_0001558370-24-012525.htm,1caf9358b4687991af77b940e09f3b2605ad2f299dcaf36faf75a8e4e587e483,1308109,2026-09-25T12:02:37+00:00
DG,29534,DOLLAR GENERAL CORP,10-Q,2024-12-05,2024-11-01,0001558370-24-016024,dg-20241101x10q.htm,https://www.sec.gov/Archives/edgar/data/29534/000155837024016024/dg-20241101x10q.htm,data/raw/DG/10-Q_2024-11-01_0001558370-24-016024.htm,a4d5dd5b7c562eefabe619eca0adcda0c4d61e980838ffdbaa1dc9e80c391733,1327312,2026-09-25T12:02:38+00:00
ROST,745732,"ROSS STORES, INC.",10-K,2025-04-01,2025-02-01,0000745732-25-000010,rost-20250201.htm,https://www.sec.gov/Archives/edgar/data/745732/000074573225000010/rost-20250201.htm,data/raw/ROST/10-K_2025-02-01_0000745732-25-000010.htm,a28055e46a7153fce7d7c43ea9e540d4d9a4d37388f3d0dfbcf66eabeaf5bd25,1416546,2026-09-25T12:02:39+00:00
ROST,745732,"ROSS STORES, INC.",10-K,2024-04-02,2024-02-03,0000745732-24-000009,rost-20240203.htm,https://www.sec.gov/Archives/edgar/data/745732/000074573224000009/rost-20240203.htm,data/raw/ROST/10-K_2024-02-03_0000745732-24-000009.htm,235b5c617ea0c98835830c3467ec112c1fce8c9586692da9e20a7b51f3ff8f81,1380065,2026-09-25T12:02:42+00:00
ROST,745732,"ROSS STORES, INC.",10-K,2023-03-28,2023-01-28,0000745732-23-000013,rost-20230128.htm,https://www.sec.gov/Archives/edgar/data/745732/000074573223000013/rost-20230128.htm,data/raw/ROST/10-K_2023-01-28_0000745732-23-000013.htm,31d07075fab70af882d38fc7eb77c91f68a2863dbda1db7700f43e4af25d4cd5,1455774,2026-09-25T12:02:43+00:00
COP,1163165,CONOCOPHILLIPS,10-K,2026-02-17,2025-12-31,0001163165-26-000009,cop-20251231.htm,https://www.sec.gov/Archives/edgar/data/1163165/000116316526000009/cop-20251231.htm,data/raw/COP/10-K_2025-12-31_0001163165-26-000009.htm,6794638b012684c6cd15b66776d1ee41fdc1e5f036690e45be7a851c36402208,5309026,2026-09-25T12:02:45+00:00
COP,1163165,CONOCOPHILLIPS,10-K,2025-02-18,2024-12-31,0001163165-25-000012,cop-20241231.htm,https://www.sec.gov/Archives/edgar/data/1163165/000116316525000012/cop-20241231.htm,data/raw/COP/10-K_2024-12-31_0001163165-25-000012.htm,e3105e1a4f9b4680f61f0543f1ac275697a2465930bdb3081999720b85a002c7,5460718,2026-09-25T12:02:45+00:00
COP,1163165,CONOCOPHILLIPS,10-K,2024-02-15,2023-12-31,0001163165-24-000010,cop-20231231.htm,https://www.sec.gov/Archives/edgar/data/1163165/000116316524000010/cop-20231231.htm,data/raw/COP/10-K_2023-12-31_0001163165-24-000010.htm,3854bba1021bf751c3b10d320b8c5cfc36d69e1f25ee11fbb4914ea9fdc0de79,5487100,2026-09-25T12:02:46+00:00
DVN,1090012,DEVON ENERGY CORP/DE,10-K,2026-02-18,2025-12-31,0001193125-26-056485,dvn-20251231.htm,https://www.sec.gov/Archives/edgar/data/1090012/000119312526056485/dvn-20251231.htm,data/raw/DVN/10-K_2025-12-31_0001193125-26-056485.htm,eb2b2c04be8c37706b63a49ac4c8128d0d8f49daf96fa280ddd375c429910709,6552035,2026-09-25T12:02:47+00:00
DVN,1090012,DEVON ENERGY CORP/DE,10-K,2025-02-19,2024-12-31,0000950170-25-022844,dvn-20241231.htm,https://www.sec.gov/Archives/edgar/data/1090012/000095017025022844/dvn-20241231.htm,data/raw/DVN/10-K_2024-12-31_0000950170-25-022844.htm,fce2bf6876bf59efaf0fb060b1ec3d1210191a844d8adf0d4f669c305042c332,6284302,2026-09-25T12:02:47+00:00
DVN,1090012,DEVON ENERGY CORP/DE,10-K,2024-02-28,2023-12-31,0000950170-24-021781,dvn-20231231.htm,https://www.sec.gov/Archives/edgar/data/1090012/000095017024021781/dvn-20231231.htm,data/raw/DVN/10-K_2023-12-31_0000950170-24-021781.htm,69a1114fe557e310efa1764f6ffe9a14e66de742de3fc3e5b5bc84834336bfbb,5080733,2026-09-25T12:02:49+00:00
MPC,1510295,Marathon Petroleum Corp,10-K,2026-02-26,2025-12-31,0001510295-26-000009,mpc-20251231.htm,https://www.sec.gov/Archives/edgar/data/1510295/000151029526000009/mpc-20251231.htm,data/raw/MPC/10-K_2025-12-31_0001510295-26-000009.htm,808cf5bdf114fe126377c7f9511a79ee9ed28824ca55c4818e508a421203a585,4001235,2026-09-25T12:02:50+00:00
MPC,1510295,Marathon Petroleum Corp,10-K,2025-02-27,2024-12-31,0001510295-25-000012,mpc-20241231.htm,https://www.sec.gov/Archives/edgar/data/1510295/000151029525000012/mpc-20241231.htm,data/raw/MPC/10-K_2024-12-31_0001510295-25-000012.htm,469e7f69be8dbc49ad8f2bd60014ff58c43855cb3211c045723ea0ac66d9b33b,3938070,2026-09-25T12:02:51+00:00
MPC,1510295,Marathon Petroleum Corp,10-K,2024-02-28,2023-12-31,0001510295-24-000015,mpc-20231231.htm,https://www.sec.gov/Archives/edgar/data/1510295/000151029524000015/mpc-20231231.htm,data/raw/MPC/10-K_2023-12-31_0001510295-24-000015.htm,b70e85aa06e9443a66aba72acd737b0cfd62236c92605e58de3f0cb3d050f670,3780868,2026-09-25T12:02:52+00:00
RBLX,1315098,Roblox Corp,10-K,2026-02-11,2025-12-31,0001315098-26-000024,rblx-20251231.htm,https://www.sec.gov/Archives/edgar/data/1315098/000131509826000024/rblx-20251231.htm,data/raw/RBLX/10-K_2025-12-31_0001315098-26-000024.htm,a8e48cf7ad0b9cbb510e92e220cfe1117c8d58f99a9f04d45b3d1763cbf31e19,2473695,2026-09-25T12:02:55+00:00
RBLX,1315098,Roblox Corp,10-K,2025-02-18,2024-12-31,0001315098-25-000033,rblx-20241231.htm,https://www.sec.gov/Archives/edgar/data/1315098/000131509825000033/rblx-20241231.htm,data/raw/RBLX/10-K_2024-12-31_0001315098-25-000033.htm,ddcd51efc07126dd915958f5eb1f9388754c8448d9a0b39848711aa3623005cf,2536984,2026-09-25T12:02:55+00:00
RBLX,1315098,Roblox Corp,10-K,2024-02-21,2023-12-31,0001315098-24-000026,rblx-20231231.htm,https://www.sec.gov/Archives/edgar/data/1315098/000131509824000026/rblx-20231231.htm,data/raw/RBLX/10-K_2023-12-31_0001315098-24-000026.htm,4ecc7c07c5546d328e0009fd4c4a0100a380ec9626068f6604db28ec9cb7e473,2539246,2026-09-25T12:02:56+00:00
U,1810806,Unity Software Inc.,10-K,2026-02-11,2025-12-31,0001810806-26-000011,unity-20251231.htm,https://www.sec.gov/Archives/edgar/data/1810806/000181080626000011/unity-20251231.htm,data/raw/U/10-K_2025-12-31_0001810806-26-000011.htm,6eb98bfd42d0f416a8299712a2d6427491d01e70c06f1178b67275713a4d5512,1943117,2026-09-25T12:02:57+00:00
U,1810806,Unity Software Inc.,10-K,2025-02-21,2024-12-31,0001810806-25-000026,unity-20241231.htm,https://www.sec.gov/Archives/edgar/data/1810806/000181080625000026/unity-20241231.htm,data/raw/U/10-K_2024-12-31_0001810806-25-000026.htm,2d3fc2aa8e95193838933f59a796bdfc6a33bdb53ba3207dbe3c64dc05aae6b1,1903633,2026-09-25T12:02:58+00:00
U,1810806,Unity Software Inc.,10-K,2024-02-29,2023-12-31,0001810806-24-000053,unity-20231231.htm,https://www.sec.gov/Archives/edgar/data/1810806/000181080624000053/unity-20231231.htm,data/raw/U/10-K_2023-12-31_0001810806-24-000053.htm,72259e43e337dd6f36391085cd5c0b577bdb7ac8cd8c2d4eb9cd65154f40479d,1908757,2026-09-25T12:02:59+00:00
CRSR,1743759,"Corsair Gaming, Inc.",10-K,2026-02-25,2025-12-31,0001193125-26-067833,crsr-20251231.htm,https://www.sec.gov/Archives/edgar/data/1743759/000119312526067833/crsr-20251231.htm,data/raw/CRSR/10-K_2025-12-31_0001193125-26-067833.htm,dd5d11795a5f678d87e838828813ee81aafe2535c7f7c499bf40ec3a363bde6a,4733385,2026-09-25T12:03:00+00:00
CRSR,1743759,"Corsair Gaming, Inc.",10-K,2025-02-26,2024-12-31,0000950170-25-027856,crsr-20241231.htm,https://www.sec.gov/Archives/edgar/data/1743759/000095017025027856/crsr-20241231.htm,data/raw/CRSR/10-K_2024-12-31_0000950170-25-027856.htm,7fd09f7ae0a5735c46b9de73805ee4f0dc641e7e723097917d33fd1f46cd2b23,4563330,2026-09-25T12:03:00+00:00
CRSR,1743759,"Corsair Gaming, Inc.",10-K,2024-02-27,2023-12-31,0000950170-24-021415,crsr-20231231.htm,https://www.sec.gov/Archives/edgar/data/1743759/000095017024021415/crsr-20231231.htm,data/raw/CRSR/10-K_2023-12-31_0000950170-24-021415.htm,5a2a9bca9e1555a536d79c0bd4c9d52e104ac47ca243a6d774021e56ed966fee,3607855,2026-09-25T12:03:00+00:00
ACM,868857,AECOM,10-K,2025-11-19,2025-09-30,0000868857-25-000013,acm-20250930.htm,https://www.sec.gov/Archives/edgar/data/868857/000086885725000013/acm-20250930.htm,data/raw/ACM/10-K_2025-09-30_0000868857-25-000013.htm,9675e844bea64667e3ee8148b3c80b58cc253d7c5ca1d3259cf5ba9b902201e8,2806461,2026-09-25T12:03:01+00:00
ACM,868857,AECOM,10-K,2024-11-19,2024-09-30,0001410578-24-002030,acm-20240930x10k.htm,https://www.sec.gov/Archives/edgar/data/868857/000141057824002030/acm-20240930x10k.htm,data/raw/ACM/10-K_2024-09-30_0001410578-24-002030.htm,413980a98d82c68ff00ef9d1f7ced89fe37efe24aec29ac42376f136450be2ac,4472376,2026-09-25T12:03:02+00:00
ACM,868857,AECOM,10-K,2023-11-15,2023-09-30,0001104659-23-118329,acm-20230930x10k.htm,https://www.sec.gov/Archives/edgar/data/868857/000110465923118329/acm-20230930x10k.htm,data/raw/ACM/10-K_2023-09-30_0001104659-23-118329.htm,5407a7892cceb6460e92ad5378ae04ac8d13cff774f9c75e19dddb25117f42c2,4378600,2026-09-25T12:03:03+00:00
ACM,868857,AECOM,10-Q,2025-02-04,2024-12-31,0001628280-25-003563,acm-20241231.htm,https://www.sec.gov/Archives/edgar/data/868857/000162828025003563/acm-20241231.htm,data/raw/ACM/10-Q_2024-12-31_0001628280-25-003563.htm,506891300f2e47606b30695dcf5927f0c4d36d2459734a28c5818ee5ddefeb00,1361098,2026-09-25T12:03:04+00:00
ACM,868857,AECOM,10-Q,2025-05-06,2025-03-31,0001628280-25-022703,acm-20250331.htm,https://www.sec.gov/Archives/edgar/data/868857/000162828025022703/acm-20250331.htm,data/raw/ACM/10-Q_2025-03-31_0001628280-25-022703.htm,40600d23a16b8b94f0fc2d7561b22e79c6cda776fac43f5e5b20950bfd384b0b,1762420,2026-09-25T12:03:05+00:00
ACM,868857,AECOM,10-Q,2025-08-05,2025-06-30,0000868857-25-000009,acm-20250630.htm,https://www.sec.gov/Archives/edgar/data/868857/000086885725000009/acm-20250630.htm,data/raw/ACM/10-Q_2025-06-30_0000868857-25-000009.htm,b051de958f8124c52080d1c5675cb6b38a14523bf238cbb72cab48bdd821f868,1777574,2026-09-25T12:03:07+00:00
FLR,1124198,FLUOR CORP,10-K,2026-02-17,2025-12-31,0001124198-26-000007,flr-20251231.htm,https://www.sec.gov/Archives/edgar/data/1124198/000112419826000007/flr-20251231.htm,data/raw/FLR/10-K_2025-12-31_0001124198-26-000007.htm,e1a144e47eb48809993307b5e4d5e4709170b1cf2e896a4a88570ec035945d2b,1895958,2026-09-25T12:03:08+00:00
FLR,1124198,FLUOR CORP,10-K,2025-02-18,2024-12-31,0001628280-25-005924,flr-20241231.htm,https://www.sec.gov/Archives/edgar/data/1124198/000162828025005924/flr-20241231.htm,data/raw/FLR/10-K_2024-12-31_0001628280-25-005924.htm,7c4139d28647383cb69f790c5e2182be13b84bdfa896c4a5e594c319292287bd,1961952,2026-09-25T12:03:08+00:00
FLR,1124198,FLUOR CORP,10-K,2024-02-20,2023-12-31,0001628280-24-005451,flr-20231231.htm,https://www.sec.gov/Archives/edgar/data/1124198/000162828024005451/flr-20231231.htm,data/raw/FLR/10-K_2023-12-31_0001628280-24-005451.htm,fe8bdfeaf3ef7509d435f420ee4a53e57d1bc834c746c5dd76d5009530438c8f,2235001,2026-09-25T12:03:10+00:00
TTEK,831641,TETRA TECH INC,10-K,2025-11-20,2025-09-28,0000831641-25-000032,ttek-20250928.htm,https://www.sec.gov/Archives/edgar/data/831641/000083164125000032/ttek-20250928.htm,data/raw/TTEK/10-K_2025-09-28_0000831641-25-000032.htm,1e60d1f515c959e860d5afdf350ab7d4f63f0153cc0faef4036dcf7c64a068ce,2567649,2026-09-25T12:03:11+00:00
TTEK,831641,TETRA TECH INC,10-K,2024-11-19,2024-09-29,0000831641-24-000063,ttek-20240929.htm,https://www.sec.gov/Archives/edgar/data/831641/000083164124000063/ttek-20240929.htm,data/raw/TTEK/10-K_2024-09-29_0000831641-24-000063.htm,832842c41496aed41de45fdeffe458568a9891b18f1510938ba7e19c6b2ebdd1,2534992,2026-09-25T12:03:11+00:00
TTEK,831641,TETRA TECH INC,10-K,2023-11-22,2023-10-01,0000831641-23-000082,ttek-20231001.htm,https://www.sec.gov/Archives/edgar/data/831641/000083164123000082/ttek-20231001.htm,data/raw/TTEK/10-K_2023-10-01_0000831641-23-000082.htm,77dc03e0b1996fdf0766876e2358f294beedaf3ba635f0d0a7a2b2fa8fa37ae5,2447077,2026-09-25T12:03:13+00:00
XOM,34088,Exxon Mobil Corp,10-K,2026-02-18,2025-12-31,0000034088-26-000045,xom-20251231.htm,https://www.sec.gov/Archives/edgar/data/34088/000003408826000045/xom-20251231.htm,data/raw/XOM/10-K_2025-12-31_0000034088-26-000045.htm,7aeed28ecfa93ea0394e8f6957ff2ba42a8fb1c5fd42cef7ea3b4216503f7a86,5591182,2026-09-25T12:11:05+00:00
XOM,34088,Exxon Mobil Corp,10-K,2025-02-19,2024-12-31,0000034088-25-000010,xom-20241231.htm,https://www.sec.gov/Archives/edgar/data/34088/000003408825000010/xom-20241231.htm,data/raw/XOM/10-K_2024-12-31_0000034088-25-000010.htm,21e1685d82f361ea8dbad9cb146d0eada83ea2b0d7153411c130ab58b9cb7e4c,5981014,2026-09-25T12:11:05+00:00
XOM,34088,Exxon Mobil Corp,10-K,2024-02-28,2023-12-31,0000034088-24-000018,xom-20231231.htm,https://www.sec.gov/Archives/edgar/data/34088/000003408824000018/xom-20231231.htm,data/raw/XOM/10-K_2023-12-31_0000034088-24-000018.htm,1b32317fe52dabc8030f092e0b428a1adce7ceff5dc2746eb18107cae464e812,5654102,2026-09-25T12:11:05+00:00
XOM,34088,Exxon Mobil Corp,10-Q,2025-05-05,2025-03-31,0000034088-25-000024,xom-20250331.htm,https://www.sec.gov/Archives/edgar/data/34088/000003408825000024/xom-20250331.htm,data/raw/XOM/10-Q_2025-03-31_0000034088-25-000024.htm,e18c4906595b7f24fc7da49857b3d6a61209e2e0f3f865f290f1329c6a17ff85,1325278,2026-09-25T12:11:06+00:00
XOM,34088,Exxon Mobil Corp,10-Q,2025-08-04,2025-06-30,0000034088-25-000042,xom-20250630.htm,https://www.sec.gov/Archives/edgar/data/34088/000003408825000042/xom-20250630.htm,data/raw/XOM/10-Q_2025-06-30_0000034088-25-000042.htm,8ef921cbdcf150137d6128d7d801699920592f82bee1dd9a62520b3a2d6b7418,1983240,2026-09-25T12:11:07+00:00
XOM,34088,Exxon Mobil Corp,10-Q,2025-11-03,2025-09-30,0000034088-25-000061,xom-20250930.htm,https://www.sec.gov/Archives/edgar/data/34088/000003408825000061/xom-20250930.htm,data/raw/XOM/10-Q_2025-09-30_0000034088-25-000061.htm,ea1d35b0d6f832fef135815ef898363a5789e6650670bbda7b3fe7aa687e3426,1973774,2026-09-25T12:11:07+00:00
EA,712515,Electronic Arts Inc.,10-K,2025-05-13,2025-03-31,0000712515-25-000022,ea-20250331.htm,https://www.sec.gov/Archives/edgar/data/712515/000071251525000022/ea-20250331.htm,data/raw/EA/10-K_2025-03-31_0000712515-25-000022.htm,0cb4b228a928582f4afa4624b1151656d323b70ac5f5a50788865bcb6a7393b8,2234302,2026-09-25T12:11:08+00:00
EA,712515,Electronic Arts Inc.,10-K,2024-05-22,2024-03-31,0000712515-24-000023,ea-20240331.htm,https://www.sec.gov/Archives/edgar/data/712515/000071251524000023/ea-20240331.htm,data/raw/EA/10-K_2024-03-31_0000712515-24-000023.htm,37bd487d255ca41f6fbea0fefbb64fc1b9aa59d2068b41727e65fd87fdfbe2c2,2270758,2026-09-25T12:11:09+00:00
EA,712515,Electronic Arts Inc.,10-K,2023-05-24,2023-03-31,0000712515-23-000028,ea-20230331.htm,https://www.sec.gov/Archives/edgar/data/712515/000071251523000028/ea-20230331.htm,data/raw/EA/10-K_2023-03-31_0000712515-23-000028.htm,010a21c9588f948e1c5e067f3d022aef357101155ff86e953e116075e63c2fb9,2872588,2026-09-25T12:11:09+00:00
EA,712515,Electronic Arts Inc.,10-Q,2024-08-02,2024-06-30,0000712515-24-000039,ea-20240630.htm,https://www.sec.gov/Archives/edgar/data/712515/000071251524000039/ea-20240630.htm,data/raw/EA/10-Q_2024-06-30_0000712515-24-000039.htm,46c1bb506efabff6751760754de1cda186e863d36d289d8fb60e170a15d0c10c,1533987,2026-09-25T12:11:10+00:00
EA,712515,Electronic Arts Inc.,10-Q,2024-11-01,2024-09-30,0000712515-24-000048,ea-20240930.htm,https://www.sec.gov/Archives/edgar/data/712515/000071251524000048/ea-20240930.htm,data/raw/EA/10-Q_2024-09-30_0000712515-24-000048.htm,2c7360c47546f1f844429638814ef694d961bea6ec1427b0f5bce92161c7b43d,1811572,2026-09-25T12:11:10+00:00
EA,712515,Electronic Arts Inc.,10-Q,2025-02-05,2024-12-31,0000712515-25-000015,ea-20241231.htm,https://www.sec.gov/Archives/edgar/data/712515/000071251525000015/ea-20241231.htm,data/raw/EA/10-Q_2024-12-31_0000712515-25-000015.htm,4cdf5d7d5cc74c2a885e0c17f68d48c61498489399d14f53222a8efa2b5a2796,1839329,2026-09-25T12:11:11+00:00
STRL,874238,"STERLING INFRASTRUCTURE, INC.",10-K,2026-02-26,2025-12-31,0000874238-26-000024,strl-20251231.htm,https://www.sec.gov/Archives/edgar/data/874238/000087423826000024/strl-20251231.htm,data/raw/STRL/10-K_2025-12-31_0000874238-26-000024.htm,997742bf05fc5eff3230a4d0bad1df9dfa46946627685f719fd8a6da8584727d,1826843,2026-09-25T12:11:12+00:00
STRL,874238,"STERLING INFRASTRUCTURE, INC.",10-K,2025-02-26,2024-12-31,0000874238-25-000025,strl-20241231.htm,https://www.sec.gov/Archives/edgar/data/874238/000087423825000025/strl-20241231.htm,data/raw/STRL/10-K_2024-12-31_0000874238-25-000025.htm,29e55c5d18582ac99eea680bea483a37831a30d778040bb33d59e56420ba686a,1917353,2026-09-25T12:11:12+00:00
STRL,874238,"STERLING INFRASTRUCTURE, INC.",10-K,2024-02-27,2023-12-31,0000874238-24-000032,strl-20231231.htm,https://www.sec.gov/Archives/edgar/data/874238/000087423824000032/strl-20231231.htm,data/raw/STRL/10-K_2023-12-31_0000874238-24-000032.htm,1b185f1d22d13e8e64cb6dcd23f3064dfe9490762f6604d640b99f8743c7fd31,1863735,2026-09-25T12:11:12+00:00
